{
  "1.00e-05": 6.066107295453548,
  "3.00e-05": 5.439861115068197,
  "1.00e-04": 4.281942140311003,
  "3.00e-04": 3.0434771943837404,
  "1.00e-03": 2.689570961520076,
  "3.00e-03": 2.321401799097657,
  "1.00e-02": 2.356698613613844
}