{
  "1.00e-05": 6.486836604773998,
  "3.00e-05": 6.145950883626938,
  "1.00e-04": 5.429910212755203,
  "3.00e-04": 3.948445349931717,
  "1.00e-03": 2.8407950401306152,
  "3.00e-03": 2.4540693145245314,
  "1.00e-02": 2.2586969723924994,
  "3.00e-02": 2.504444181919098,
  "1.00e-01": 2.4842628743499517,
  "3.00e-01": 2.7440204974263906
}